Experiment,Model,Raw_Features,Transformed_Features,Train_RMSE,Test_RMSE,Test_MAE,Test_R2,Generalization_Gap
A_Core_10,Ridge,10,10,35288.604,39548.984,24841.636,0.805,4260.380
A_Core_10,Random Forest,10,10,10780.842,31658.027,18053.324,0.875,20877.185
B_Informative_20,Ridge,20,20,33467.131,36621.425,22340.125,0.833,3154.294
B_Informative_20,Random Forest,20,20,10026.849,27758.095,16138.034,0.904,17731.246
C_All_Original,Ridge,81,302,22951.019,29160.886,16579.318,0.894,6209.867
C_All_Original,Random Forest,81,302,9846.204,26711.359,15867.277,0.911,16865.155
D_Original_Plus_Irrelevant,Ridge,91,312,22905.338,29082.412,16544.567,0.895,6177.074
D_Original_Plus_Irrelevant,Random Forest,91,312,10056.867,27560.391,16294.933,0.905,17503.524
E_Original_Plus_Redundant,Ridge,86,307,22954.772,29175.642,16594.005,0.894,6220.871
E_Original_Plus_Redundant,Random Forest,86,307,9918.657,26892.592,15925.157,0.910,16973.935
F_Original_Plus_Both,Ridge,96,317,22905.678,29087.210,16546.178,0.894,6181.532
F_Original_Plus_Both,Random Forest,96,317,10194.785,27631.613,16441.177,0.905,17436.828
